{
  "name": "AutoTrash",
  "version": "5.3.13",
  "factorio_version": "1.1",
  "title": "Auto Trash",
  "author": "Choumiko",
  "contact": "Discord: Choumiko#6179",
  "homepage": "https://github.com/Choumiko/AutoTrash",
  "description": "Allows saving of different logistic request setups\nEnable autotrash only in certain logistic networks\nLoad your spidertron with different setups with a single click\nLoad one or more preset after respawning\nTrash unrequested items",
  "dependencies": ["flib >= 0.6.0"],
  "package":{
    "scripts": {
        "prepackage": "luacheck . --config '../.luacheckrc'"
    },
    "ignore":[ "*.zip", "*.xcf" ]
  }
}
