{
  "name": "Tapeline",
  "version": "2.0.10",
  "title": "Tapeline",
  "description": "Measure distances or create a flat surface to do work on. Make temporary measurements, or create persistent measurements that can be adjusted, moved, or deleted.",
  "author": "raiguard",
  "contact": "https://github.com/raiguard/Tapeline",
  "homepage": "https://github.com/raiguard/Tapeline",
  "factorio_version": "1.1",
  "dependencies": [
    "base >= 1.1.83",
    "flib >= 0.13.0"
  ],
  "package": {
    "git_publish_branch": "master",
    "ignore": [ "imgui.ini", "screenshots/*" ],
    "scripts": { "prepublish": "factorio-crowdin-sync" },
    "sync_portal_details": true
  }
}
